<environmentvariabledefinition schemaname="exp_SPOSiteCollection_PowerUsers">
  <apiid>/providers/microsoft.powerapps/apis/shared_sharepointonline</apiid>
  <description default="SPOSiteCollection_PowerUsers">
    <label description="SPOSiteCollection_PowerUsers" languagecode="1033" />
  </description>
  <displayname default="SPOSiteCollection_PowerUsers">
    <label description="SPOSiteCollection_PowerUsers" languagecode="1033" />
  </displayname>
  <introducedversion>1.0.0.0</introducedversion>
  <iscustomizable>1</iscustomizable>
  <isrequired>0</isrequired>
  <parameterkey>dataset</parameterkey>
  <secretstore>0</secretstore>
  <type>100000004</type>
</environmentvariabledefinition>