{"name":"f93811ef-e61b-494b-b54f-9d65361e4723","id":"/providers/Microsoft.Flow/flows/f93811ef-e61b-494b-b54f-9d65361e4723","type":"Microsoft.Flow/flows","properties":{"apiId":"/providers/Microsoft.PowerApps/apis/shared_logicflows","displayName":"Site Design - Copy Template","definition":{"metadata":{"workflowEntityId":null,"processAdvisorMetadata":null,"flowclientsuspensionreason":"None","flowclientsuspensiontime":null,"creator":{"id":"0cf3f9d4-2ff0-40f6-ba39-4eec8f4f62d5","type":"User","tenantId":"42242eff-faf6-4ccd-aea3-e2c4479f8ccb"},"provisioningMethod":"FromDefinition","failureAlertSubscription":true,"clientLastModifiedTime":"2021-06-08T15:43:06.7874454Z"},"$schema":"https://schema.management.azure.com/providers/Microsoft.Logic/schemas/2016-06-01/workflowdefinition.json#","contentVersion":"1.0.0.0","parameters":{"$connections":{"defaultValue":{},"type":"Object"},"$authentication":{"defaultValue":{},"type":"SecureObject"}},"triggers":{"manual":{"type":"Request","kind":"Button","inputs":{"schema":{"type":"object","properties":{},"required":[]}}}},"actions":{"Copy_Master_Template_to_Document_Library":{"runAfter":{},"metadata":{"%252fSitePages%252fHome1.aspx":"/SitePages/Home1.aspx"},"type":"OpenApiConnection","inputs":{"host":{"apiId":"/providers/Microsoft.PowerApps/apis/shared_sharepointonline","connectionName":"shared_sharepointonline","operationId":"CopyFileAsync"},"parameters":{"dataset":"https://fvsdabca.sharepoint.com/sites/engage","parameters/sourceFileId":"%252fSitePages%252fHome1.aspx","parameters/destinationDataset":"https://fvsdabca.sharepoint.com/sites/engage","parameters/destinationFolderPath":"/patemplates","parameters/nameConflictBehavior":1},"authentication":{"value":"@json(decodeBase64(triggerOutputs().headers['X-MS-APIM-Tokens']))['$ConnectionKey']","type":"Raw"}}}},"outputs":{}},"connectionReferences":{"shared_sharepointonline":{"connectionName":"shared-sharepointonl-2df4e455-23a4-4aa7-9330-d998-5f380410","source":"Invoker","id":"/providers/Microsoft.PowerApps/apis/shared_sharepointonline","tier":"NotSpecified"}},"flowFailureAlertSubscribed":false}}