{"name":"e56198b7-bb66-4cb2-bdaa-ef7b0af2b049","id":"/providers/Microsoft.Flow/flows/e56198b7-bb66-4cb2-bdaa-ef7b0af2b049","type":"Microsoft.Flow/flows","properties":{"apiId":"/providers/Microsoft.PowerApps/apis/shared_logicflows","displayName":"Pattern: Always reply to HTTP request","definition":{"metadata":{"workflowEntityId":null,"processAdvisorMetadata":null,"flowclientsuspensionreason":"None","flowclientsuspensiontime":null,"creator":{"id":"e1d4472e-0125-4313-9ba2-24667e75c696","type":"User","tenantId":"bbfde416-ad70-4316-81eb-73b70da0b6cd"},"provisioningMethod":"FromDefinition","failureAlertSubscription":true,"clientLastModifiedTime":"2021-05-02T19:37:46.7457494Z"},"$schema":"https://schema.management.azure.com/providers/Microsoft.Logic/schemas/2016-06-01/workflowdefinition.json#","contentVersion":"1.0.0.0","parameters":{"$authentication":{"defaultValue":{},"type":"SecureObject"}},"triggers":{"manual":{"type":"Request","kind":"Http","inputs":{"method":"GET"}}},"actions":{"Scope":{"actions":{"Actual_Work":{"runAfter":{},"type":"Compose","inputs":"@div(5, 0)"}},"runAfter":{},"type":"Scope"},"Response_OK":{"runAfter":{"Scope":["Succeeded"]},"type":"Response","kind":"Http","inputs":{"statusCode":200}},"Response_Error":{"runAfter":{"Scope":["Failed","TimedOut","Skipped"]},"type":"Response","kind":"Http","inputs":{"statusCode":500,"body":"@result('Scope')[0]?['error']"}},"Terminate_with_Failed":{"runAfter":{"Response_Error":["Succeeded"]},"type":"Terminate","inputs":{"runStatus":"Failed","runError":{"code":"500","message":"An error has occured"}}}}},"connectionReferences":{},"flowFailureAlertSubscribed":false}}