{
  "properties": {
    "connectionReferences": {
      "shared_commondataserviceforapps": {
        "runtimeSource": "embedded",
        "connection": {
          "connectionReferenceLogicalName": "new_sharedcommondataserviceforapps_22e73"
        },
        "api": {
          "name": "shared_commondataserviceforapps"
        }
      },
      "shared_office365": {
        "runtimeSource": "embedded",
        "connection": {
          "connectionReferenceLogicalName": "rac_sharedoffice365_e4ae1"
        },
        "api": {
          "name": "shared_office365"
        }
      }
    },
    "definition": {
      "$schema": "https://schema.management.azure.com/providers/Microsoft.Logic/schemas/2016-06-01/workflowdefinition.json#",
      "contentVersion": "1.0.0.0",
      "parameters": {
        "$connections": {
          "defaultValue": {},
          "type": "Object"
        },
        "$authentication": {
          "defaultValue": {},
          "type": "SecureObject"
        }
      },
      "triggers": {
        "Recurrence": {
          "recurrence": {
            "frequency": "Week",
            "interval": 1,
            "startTime": "2020-10-13T12:00:00Z",
            "schedule": {
              "weekDays": [
                "Friday"
              ]
            }
          },
          "metadata": {
            "operationMetadataId": "3e4b2212-14a1-4257-874c-72a233044409"
          },
          "type": "Recurrence"
        }
      },
      "actions": {
        "List_records": {
          "runAfter": {
            "Current_Date": [
              "Succeeded"
            ]
          },
          "metadata": {
            "operationMetadataId": "fedd5189-936a-493f-857d-09fbe2cda782"
          },
          "type": "OpenApiConnection",
          "inputs": {
            "host": {
              "connectionName": "shared_commondataserviceforapps",
              "operationId": "ListRecords",
              "apiId": "/providers/Microsoft.PowerApps/apis/shared_commondataserviceforapps"
            },
            "parameters": {
              "entityName": "quotes",
              "$filter": "effectiveto le '@{outputs('Future_Date')}' and effectiveto ge '@{outputs('Current_Date')}'",
              "$orderby": "effectiveto desc",
              "$expand": "owninguser"
            },
            "authentication": "@parameters('$authentication')"
          }
        },
        "Send_an_email_from_a_shared_mailbox_(V2)": {
          "runAfter": {
            "Compose": [
              "Succeeded"
            ]
          },
          "metadata": {
            "operationMetadataId": "7e8658ed-67ce-4321-ab58-81bb2f69c1d3"
          },
          "type": "OpenApiConnection",
          "inputs": {
            "host": {
              "connectionName": "shared_office365",
              "operationId": "SharedMailboxSendEmailV2",
              "apiId": "/providers/Microsoft.PowerApps/apis/shared_office365"
            },
            "parameters": {
              "emailMessage/MailboxAddress": "salescommunications@RSMD365REC.onmicrosoft.com",
              "emailMessage/To": "salesreports@RSMD365REC.onmicrosoft.com",
              "emailMessage/Subject": "Quotes that need follow-up",
              "emailMessage/Body": "<p>Hello!<br>\n<br>\nPlease see below for quotes that need follow up this week.<br>\n<br>\n<span style=\"font-size: 14px\"><strong>QUOTES</strong></span></p>\n<br>\n<html>\n<head>\n<style >\ntable, th,tr, td  { border : 1px solid black; }\n th {background-color:silver;}\n</style>\n</head>\n<body>\n@{outputs('Compose')}\n</body>\n</html>\n<br>"
            },
            "authentication": "@parameters('$authentication')"
          }
        },
        "Get_future_time": {
          "runAfter": {},
          "metadata": {
            "operationMetadataId": "58d3c4af-d1c8-4292-80c3-6c3d7066eeef"
          },
          "type": "Expression",
          "kind": "GetFutureTime",
          "inputs": {
            "interval": 8,
            "timeUnit": "Day"
          }
        },
        "Create_HTML_table": {
          "runAfter": {
            "List_records": [
              "Succeeded"
            ]
          },
          "metadata": {
            "operationMetadataId": "b6869ac6-c123-4bfa-8732-970b0f415b67"
          },
          "type": "Table",
          "inputs": {
            "from": "@outputs('List_records')?['body/value']",
            "format": "HTML",
            "columns": [
              {
                "header": "Quote ID",
                "value": "@item()?['quotenumber']"
              },
              {
                "header": "Quote",
                "value": "@item()?['name']"
              },
              {
                "header": "Owner",
                "value": "@item()?['owninguser/fullname']"
              },
              {
                "header": "Status",
                "value": "@if(equals(item()?['statecode'],0),'Open',if(equals(item()?['statecode'],1),'Won','Lost'))"
              },
              {
                "header": "Effective To",
                "value": "@convertFromUtc(item()?['effectiveto'], 'US Eastern Standard Time', 'MM/dd/yyyy')"
              },
              {
                "header": "URL ",
                "value": "@concat('<a href=\"https://rsmd365demo.crm.dynamics.com/main.aspx?appid=5e37f33f-515b-e811-a854-000d3a11470e&cmdbar=true&pagetype=entityrecord&etn=quote&id=',item()?['quoteid'],'\">Record Link</a>')"
              }
            ]
          }
        },
        "Current_time": {
          "runAfter": {
            "Future_Date": [
              "Succeeded"
            ]
          },
          "metadata": {
            "operationMetadataId": "97749a47-0dcd-41fd-ba48-af85f241c25a"
          },
          "type": "Expression",
          "kind": "CurrentTime",
          "inputs": {}
        },
        "Compose": {
          "runAfter": {
            "Create_HTML_table": [
              "Succeeded"
            ]
          },
          "metadata": {
            "operationMetadataId": "6e6548ad-33cb-4b15-8944-f97bd4318abc"
          },
          "type": "Compose",
          "inputs": "@replace(replace(replace(body('Create_HTML_table'),'&lt;','<'),'&gt;','>'),'&quot;','\"')"
        },
        "Future_Date": {
          "runAfter": {
            "Get_future_time": [
              "Succeeded"
            ]
          },
          "metadata": {
            "operationMetadataId": "e9044ba7-63a2-4d98-9061-a058ea01ace7"
          },
          "type": "Compose",
          "inputs": "@formatDateTime(parseDateTime(split(body('Get_future_time'), '.')[0]), 'yyyy-MM-dd', 'en-US')"
        },
        "Current_Date": {
          "runAfter": {
            "Current_time": [
              "Succeeded"
            ]
          },
          "metadata": {
            "operationMetadataId": "9bda4259-dc1b-4bcd-b72e-89a08c9fd005"
          },
          "type": "Compose",
          "inputs": "@formatDateTime(parseDateTime(split(body('Current_time'), '.')[0]), 'yyyy-MM-dd', 'en-US')"
        }
      }
    },
    "templateName": ""
  },
  "schemaVersion": "1.0.0.0"
}