{"name":"6a99d7ae-0012-42cb-b89e-103a2ac99277","id":"/providers/Microsoft.Flow/flows/6a99d7ae-0012-42cb-b89e-103a2ac99277","type":"Microsoft.Flow/flows","properties":{"apiId":"/providers/Microsoft.PowerApps/apis/shared_logicflows","displayName":"KeyVaults","definition":{"metadata":{"workflowEntityId":null,"processAdvisorMetadata":null,"flowclientsuspensionreason":"None","flowclientsuspensiontime":null,"flowclientsuspensionreasondetails":null,"creator":{"id":"e15cde1d-edef-4114-bdf4-bd62689f2061","type":"User","tenantId":"c09030dd-81e0-44af-a342-68c9358c43dd"},"provisioningMethod":"FromDefinition","failureAlertSubscription":true,"clientLastModifiedTime":"2022-07-11T23:45:45.2482252Z"},"$schema":"https://schema.management.azure.com/providers/Microsoft.Logic/schemas/2016-06-01/workflowdefinition.json#","contentVersion":"1.0.0.0","parameters":{"$authentication":{"defaultValue":{},"type":"SecureObject"}},"triggers":{"manual":{"metadata":{"operationMetadataId":"08397e2f-9fff-455d-863a-d9ce43908b8d"},"type":"Request","kind":"Button","inputs":{"schema":{"type":"object","properties":{},"required":[]}}}},"actions":{"AuthorizationToken":{"runAfter":{},"metadata":{"operationMetadataId":"cd28a01b-8008-4075-8d68-71461fa23ab0"},"type":"Http","inputs":{"method":"POST","uri":"https://login.microsoftonline.com/c09030dd-81e0-44af-a342-68c9358c43dd/oauth2/v2.0/token","headers":{"Content-Type":"application/x-www-form-urlencoded"},"body":"client_id=f894d8cf-fa5b-478b-9ecf-27323e289f76&scope=https://vault.azure.net/.default&client_secret=jl38Q~H1k210I.dMfZnIZI2n8WYApxv6inBEmcYJ&grant_type=client_credentials"}},"InvokeKeyVault":{"runAfter":{"AuthorizationToken":["Succeeded"]},"metadata":{"operationMetadataId":"fbbadc42-0136-46d3-a39f-67f2c91fc405"},"type":"Http","inputs":{"method":"GET","uri":"https://cognitiveapivault.vault.azure.net/secrets/UnoKey/087b33200a8d482aafbb58f20fb863c9?api-Version=7.3","headers":{"Authorization":"@{concat('Bearer ',body('AuthorizationToken')?['access_token'])}"}}}}},"connectionReferences":{},"flowFailureAlertSubscribed":false,"isManaged":false}}