{"properties":{"connectionReferences":{"shared_sharepointonline":{"runtimeSource":"invoker","connection":{"connectionReferenceLogicalName":"fvsd_sharedsharepointonline_19ee0"},"api":{"name":"shared_sharepointonline"}}},"definition":{"$schema":"https://schema.management.azure.com/providers/Microsoft.Logic/schemas/2016-06-01/workflowdefinition.json#","contentVersion":"1.0.0.0","parameters":{"$connections":{"defaultValue":{},"type":"Object"},"$authentication":{"defaultValue":{},"type":"SecureObject"}},"triggers":{"manual":{"type":"Request","kind":"Button","inputs":{"schema":{"type":"object","properties":{},"required":[]}}}},"actions":{"Copy_Master_Template_to_Document_Library":{"runAfter":{},"metadata":{"%252fSitePages%252fHome1.aspx":"/SitePages/Home1.aspx"},"type":"OpenApiConnection","inputs":{"host":{"connectionName":"shared_sharepointonline","operationId":"CopyFileAsync","apiId":"/providers/Microsoft.PowerApps/apis/shared_sharepointonline"},"parameters":{"dataset":"https://fvsdabca.sharepoint.com/sites/engage","parameters/sourceFileId":"%252fSitePages%252fHome1.aspx","parameters/destinationDataset":"https://fvsdabca.sharepoint.com/sites/engage","parameters/destinationFolderPath":"/patemplates","parameters/nameConflictBehavior":1},"authentication":{"type":"Raw","value":"@json(decodeBase64(triggerOutputs().headers['X-MS-APIM-Tokens']))['$ConnectionKey']"}}}},"outputs":{}}},"schemaVersion":"1.0.0.0"}