{"properties":{"connectionReferences":{"shared_sharepointonline":{"runtimeSource":"embedded","connection":{},"api":{"name":"shared_sharepointonline"}}},"definition":{"$schema":"https://schema.management.azure.com/providers/Microsoft.Logic/schemas/2016-06-01/workflowdefinition.json#","contentVersion":"1.0.0.0","parameters":{"$connections":{"defaultValue":{},"type":"Object"},"$authentication":{"defaultValue":{},"type":"SecureObject"},"Content-Type":{"defaultValue":"application/json;odata=verbose","type":"String","metadata":{"schemaName":"fvsd_contenttype","description":"HTTP Request Header"}},"Accept":{"defaultValue":"application/json;odata=verbose","type":"String","metadata":{"schemaName":"fvsd_accept","description":"HTTP Request Header"}}},"triggers":{"manual":{"type":"Request","kind":"Http","inputs":{"schema":{"type":"object","properties":{"webUrl":{"type":"string"},"parameters":{"type":"object","properties":{"event":{"type":"string"},"product":{"type":"string"}}},"webDescription":{"type":"string"},"creatorName":{"type":"string"},"creatorEmail":{"type":"string"},"createdTimeUTC":{"type":"string"}}}}}},"actions":{"Set_New_Site_Home_Page":{"actions":{"Set_Title_for_New_Shared_Site":{"runAfter":{"Get_Master_Home_Page_Template":["Succeeded"]},"type":"OpenApiConnection","inputs":{"host":{"connectionName":"shared_sharepointonline","operationId":"PatchFileItem","apiId":"/providers/Microsoft.PowerApps/apis/shared_sharepointonline"},"parameters":{"dataset":"https://fvsdabca.sharepoint.com/sites/engage","table":"fa707f5a-55b8-4e44-bbc0-0a3b1d19187e","id":"@outputs('Get_Master_Home_Page_Template')?['body']['value'][0]['id']","item/Title":"@outputs('Get_New_Site_Title')?['body']['d']['Title']"},"authentication":"@parameters('$authentication')"}},"Check_Out_Provisioned_Master_Page":{"runAfter":{"Set_Title_for_New_Shared_Site":["Succeeded"]},"type":"OpenApiConnection","inputs":{"host":{"connectionName":"shared_sharepointonline","operationId":"HttpRequest","apiId":"/providers/Microsoft.PowerApps/apis/shared_sharepointonline"},"parameters":{"dataset":"@triggerBody()?['webUrl']","parameters/method":"POST","parameters/uri":"_api/sitepages/pages(1)/CheckOutPage","parameters/headers":{"Content-type":"@parameters('Content-Type')","Accept":"@parameters('Accept')"}},"authentication":"@parameters('$authentication')"}},"Copy_Master_Template_to_Provisioned_Site":{"runAfter":{"Check_Out_Provisioned_Master_Page":["Succeeded"]},"metadata":{"%252fpatemplates%252fHome.aspx":"/patemplates/Home.aspx"},"type":"OpenApiConnection","inputs":{"host":{"connectionName":"shared_sharepointonline","operationId":"CopyFileAsync","apiId":"/providers/Microsoft.PowerApps/apis/shared_sharepointonline"},"parameters":{"dataset":"https://fvsdabca.sharepoint.com/sites/engage","parameters/sourceFileId":"%252fpatemplates%252fHome.aspx","parameters/destinationDataset":"@triggerBody()?['webUrl']","parameters/destinationFolderPath":"/SitePages","parameters/nameConflictBehavior":1},"authentication":"@parameters('$authentication')"}},"Publish_Copied_Master_Page":{"runAfter":{"Copy_Master_Template_to_Provisioned_Site":["Succeeded"]},"type":"OpenApiConnection","inputs":{"host":{"connectionName":"shared_sharepointonline","operationId":"HttpRequest","apiId":"/providers/Microsoft.PowerApps/apis/shared_sharepointonline"},"parameters":{"dataset":"@triggerBody()?['webUrl']","parameters/method":"POST","parameters/uri":"_api/sitepages/pages(1)/Publish","parameters/headers":{"Content-type":"@parameters('Content-Type')","Accept":"@parameters('Accept')"}},"authentication":"@parameters('$authentication')"}},"Get_New_Site_Title":{"runAfter":{},"type":"OpenApiConnection","inputs":{"host":{"connectionName":"shared_sharepointonline","operationId":"HttpRequest","apiId":"/providers/Microsoft.PowerApps/apis/shared_sharepointonline"},"parameters":{"dataset":"@triggerBody()?['webUrl']","parameters/method":"GET","parameters/uri":"/_api/web/title","parameters/headers":{"Content-type":"@parameters('Content-Type')","Accept":"@parameters('Accept')"}},"authentication":"@parameters('$authentication')"}},"Get_Master_Home_Page_Template":{"runAfter":{"New_Site_Title":["Succeeded"]},"type":"OpenApiConnection","inputs":{"host":{"connectionName":"shared_sharepointonline","operationId":"GetFileItems","apiId":"/providers/Microsoft.PowerApps/apis/shared_sharepointonline"},"parameters":{"dataset":"https://fvsdabca.sharepoint.com/sites/engage","table":"fa707f5a-55b8-4e44-bbc0-0a3b1d19187e","$filter":"FileLeafRef eq 'Home.aspx'"},"authentication":"@parameters('$authentication')"}},"New_Site_Title":{"runAfter":{"Get_New_Site_Title":["Succeeded"]},"type":"Compose","inputs":"@outputs('Get_New_Site_Title')?['body']['d']['Title']"}},"runAfter":{},"type":"Scope"}}}},"schemaVersion":"1.0.0.0"}