{"name":"dd2e2b41-e2df-47e6-b26f-f809d8bbb3e4","id":"/providers/Microsoft.Flow/flows/dd2e2b41-e2df-47e6-b26f-f809d8bbb3e4","type":"Microsoft.Flow/flows","properties":{"apiId":"/providers/Microsoft.PowerApps/apis/shared_logicflows","displayName":"Generate Documents With Content Assembly","definition":{"metadata":{"workflowEntityId":null,"processAdvisorMetadata":null,"flowChargedByPaygo":null,"flowclientsuspensionreason":"None","flowclientsuspensiontime":null,"flowclientsuspensionreasondetails":null,"creator":{"id":"e15cde1d-edef-4114-bdf4-bd62689f2061","type":"User","tenantId":"c09030dd-81e0-44af-a342-68c9358c43dd"},"provisioningMethod":"FromDefinition","failureAlertSubscription":true,"clientLastModifiedTime":"2025-01-14T18:11:12.5762451Z","connectionKeySavedTimeKey":"2025-01-14T18:11:12.5762451Z"},"$schema":"https://schema.management.azure.com/providers/Microsoft.Logic/schemas/2016-06-01/workflowdefinition.json#","contentVersion":"undefined","parameters":{"$authentication":{"defaultValue":{},"type":"SecureObject"},"$connections":{"defaultValue":{},"type":"Object"}},"triggers":{"manual":{"type":"Request","kind":"Button","inputs":{"schema":{"type":"object","properties":{},"required":[]}}}},"actions":{"List_rows_present_in_a_table":{"runAfter":{},"metadata":{"013TJDBEUH3IE5EGJB7FCJ7OQAAKSYXWHP":"/SalaryHikesFromExcel (1).xlsx","tableId":"{74A30009-A857-45DD-9F95-4B0F0BF498DD}"},"type":"OpenApiConnection","inputs":{"parameters":{"source":"sites/trycatchexp.sharepoint.com,ae3bd508-94f7-4c60-b268-17f13a79ad3c,f27dd160-5745-4a5d-9718-342694423582","drive":"b!CNU7rveUYEyyaBfxOnmtPGDRffJFV11Klxg0JpRCNYLedltcBcv8Solhr99Dr_3n","file":"013TJDBEUH3IE5EGJB7FCJ7OQAAKSYXWHP","table":"{74A30009-A857-45DD-9F95-4B0F0BF498DD}"},"host":{"apiId":"/providers/Microsoft.PowerApps/apis/shared_excelonlinebusiness","connectionName":"shared_excelonlinebusiness","operationId":"GetItems"},"authentication":{"value":"@json(decodeBase64(triggerOutputs().headers['X-MS-APIM-Tokens']))['$ConnectionKey']","type":"Raw"}}},"Apply_to_each":{"foreach":"@outputs('List_rows_present_in_a_table')?['body/value']","actions":{"Generate_document_using_Microsoft_Syntex_(preview)":{"type":"OpenApiConnection","inputs":{"parameters":{"dataset":"https://trycatchexp.sharepoint.com/sites/HRPortal","table":"173348ac-615c-4c13-a719-c2a1829caaf8","template":"0x0101001B3C7C740F1A714ABF32272C32C8112F0044FA7380096AC54FA706CA84571E2466","fileName":"@item()?['EmployeeName']","item/msca173822":"@item()?['EmployeeName']","item/msca857244":"@item()?['HikePercentage']","item/msca741519":"@item()?['NewAnnualSalary']","item/msca893748":"@item()?['HikePercentage']"},"host":{"apiId":"/providers/Microsoft.PowerApps/apis/shared_sharepointonline","connectionName":"shared_sharepointonline","operationId":"CreateContentAssemblyDocument"},"authentication":{"value":"@json(decodeBase64(triggerOutputs().headers['X-MS-APIM-Tokens']))['$ConnectionKey']","type":"Raw"}}}},"runAfter":{"List_rows_present_in_a_table":["Succeeded"]},"type":"Foreach"}}},"connectionReferences":{"shared_excelonlinebusiness":{"connectionName":"shared-excelonlinebu-01d570c3-8a5a-4ed2-a6f3-17f08a99e6d5","source":"Invoker","id":"/providers/Microsoft.PowerApps/apis/shared_excelonlinebusiness","tier":"NotSpecified","apiName":"excelonlinebusiness"},"shared_sharepointonline":{"connectionName":"shared-sharepointonl-b3d8b13d-b1a9-4932-83b7-8fe14b24c80a","source":"Invoker","id":"/providers/Microsoft.PowerApps/apis/shared_sharepointonline","tier":"NotSpecified","apiName":"sharepointonline"}},"flowFailureAlertSubscribed":false,"isManaged":false}}