{
  "properties": {
    "connectionReferences": {
      "shared_approvals": {
        "runtimeSource": "embedded",
        "connection": {
          "connectionReferenceLogicalName": "sc365_sharedapprovals_38f20"
        },
        "api": {
          "name": "shared_approvals"
        }
      },
      "shared_sharepointonline": {
        "runtimeSource": "embedded",
        "connection": {
          "connectionReferenceLogicalName": "sc365_sharedsharepointonline_52036"
        },
        "api": {
          "name": "shared_sharepointonline"
        }
      },
      "shared_teams": {
        "runtimeSource": "embedded",
        "connection": {
          "connectionReferenceLogicalName": "sc365_sharedteams_6083f"
        },
        "api": {
          "name": "shared_teams"
        }
      },
      "shared_office365": {
        "runtimeSource": "embedded",
        "connection": {
          "connectionReferenceLogicalName": "sc365_sharedoffice365_86d76"
        },
        "api": {
          "name": "shared_office365"
        }
      }
    },
    "definition": {
      "$schema": "https://schema.management.azure.com/providers/Microsoft.Logic/schemas/2016-06-01/workflowdefinition.json#",
      "contentVersion": "1.0.0.0",
      "parameters": {
        "$connections": {
          "defaultValue": {},
          "type": "Object"
        },
        "$authentication": {
          "defaultValue": {},
          "type": "SecureObject"
        },
        "SiteURL (sc365_SiteURL)": {
          "defaultValue": "https://stevecorey.sharepoint.com/sites/ExampleHubSite",
          "type": "String",
          "metadata": {
            "schemaName": "sc365_SiteURL"
          }
        },
        "Library (sc365_Library)": {
          "defaultValue": "aa22ad6b-6dc8-4103-a86e-9e90e1298552",
          "type": "String",
          "metadata": {
            "schemaName": "sc365_Library"
          }
        }
      },
      "triggers": {
        "When_a_file_is_created_or_modified_(properties_only)": {
          "recurrence": {
            "interval": 1,
            "frequency": "Minute"
          },
          "splitOn": "@triggerOutputs()?['body/value']",
          "metadata": {
            "operationMetadataId": "7dacdb72-199c-4412-84ec-c5555f8ef5da"
          },
          "type": "OpenApiConnection",
          "inputs": {
            "host": {
              "connectionName": "shared_sharepointonline",
              "operationId": "GetOnUpdatedFileItems",
              "apiId": "/providers/Microsoft.PowerApps/apis/shared_sharepointonline"
            },
            "parameters": {
              "dataset": "@parameters('SiteURL (sc365_SiteURL)')",
              "table": "@parameters('Library (sc365_Library)')"
            },
            "authentication": "@parameters('$authentication')"
          },
          "conditions": [
            {
              "expression": "@equals(triggerOutputs()?['body/Status/Value'], 'Submitted')"
            }
          ]
        }
      },
      "actions": {
        "Initialize_escape_flag": {
          "runAfter": {
            "Initialize_count": [
              "Succeeded"
            ]
          },
          "metadata": {
            "operationMetadataId": "7186bdf1-6a0b-42f4-830f-45258246029a"
          },
          "type": "InitializeVariable",
          "inputs": {
            "variables": [
              {
                "name": "Approval Complete",
                "type": "boolean",
                "value": "@false"
              }
            ]
          }
        },
        "Do_until": {
          "actions": {
            "Wait_for_an_approval": {
              "runAfter": {},
              "limit": {
                "timeout": "P6D"
              },
              "metadata": {
                "operationMetadataId": "e61244fa-0cbb-4b4b-9ca2-87789d1854ac"
              },
              "type": "OpenApiConnectionWebhook",
              "inputs": {
                "host": {
                  "connectionName": "shared_approvals",
                  "operationId": "WaitForAnApproval",
                  "apiId": "/providers/Microsoft.PowerApps/apis/shared_approvals"
                },
                "parameters": {
                  "approvalName": "@variables('Approval ID')"
                },
                "authentication": "@parameters('$authentication')"
              }
            },
            "Set_variable": {
              "runAfter": {
                "Wait_for_an_approval": [
                  "Succeeded"
                ]
              },
              "metadata": {
                "operationMetadataId": "375dd4ce-40cd-4fae-a334-4716636ee230"
              },
              "type": "SetVariable",
              "inputs": {
                "name": "Approval Complete",
                "value": "@true"
              }
            },
            "Condition": {
              "actions": {
                "Set_Approval_Complete_flag": {
                  "runAfter": {},
                  "metadata": {
                    "operationMetadataId": "4f8e0357-ca59-43e1-81f2-ef173e231a45"
                  },
                  "type": "SetVariable",
                  "inputs": {
                    "name": "Approval Complete",
                    "value": "@true"
                  }
                },
                "Update_file_properties": {
                  "runAfter": {
                    "Set_Approval_Complete_flag": [
                      "Succeeded"
                    ]
                  },
                  "metadata": {
                    "operationMetadataId": "6d2e4496-c6e4-42da-9b9c-4391400db74a"
                  },
                  "type": "OpenApiConnection",
                  "inputs": {
                    "host": {
                      "connectionName": "shared_sharepointonline",
                      "operationId": "PatchFileItem",
                      "apiId": "/providers/Microsoft.PowerApps/apis/shared_sharepointonline"
                    },
                    "parameters": {
                      "dataset": "@parameters('SiteURL (sc365_SiteURL)')",
                      "table": "@parameters('Library (sc365_Library)')",
                      "id": "@triggerOutputs()?['body/ID']",
                      "item/Title": "@triggerOutputs()?['body/Title']",
                      "item/Status/Value": "Submitted",
                      "item/approvalCard": "@variables('Approval Card')",
                      "item/ApprovalID": "@variables('Approval ID')",
                      "item/OData__ExtendedDescription": "@triggerOutputs()?['body/OData__ExtendedDescription']",
                      "item/Person3/Claims": "@triggerOutputs()?['body/Person3/Claims']"
                    },
                    "authentication": "@parameters('$authentication')"
                  }
                }
              },
              "runAfter": {
                "Wait_for_an_approval": [
                  "TimedOut"
                ]
              },
              "else": {
                "actions": {
                  "Increment_variable": {
                    "runAfter": {
                      "Post_card_in_a_chat_or_channel": [
                        "Succeeded"
                      ]
                    },
                    "metadata": {
                      "operationMetadataId": "21726797-e915-4655-9146-934873c640c4"
                    },
                    "type": "IncrementVariable",
                    "inputs": {
                      "name": "Reminder Count",
                      "value": 1
                    }
                  },
                  "Post_card_in_a_chat_or_channel": {
                    "runAfter": {},
                    "metadata": {
                      "operationMetadataId": "c02f06c4-2319-47a4-851b-754044561d6d"
                    },
                    "type": "OpenApiConnection",
                    "inputs": {
                      "host": {
                        "connectionName": "shared_teams",
                        "operationId": "PostCardToConversation",
                        "apiId": "/providers/Microsoft.PowerApps/apis/shared_teams"
                      },
                      "parameters": {
                        "poster": "Flow bot",
                        "location": "Chat with Flow bot",
                        "body/recipient": "AdeleV@stevecorey.onmicrosoft.com;",
                        "body/messageBody": "@variables('Approval Card')",
                        "body/isAlert": true
                      },
                      "authentication": "@parameters('$authentication')"
                    }
                  }
                }
              },
              "expression": {
                "equals": [
                  "@variables('Reminder Count')",
                  3
                ]
              },
              "metadata": {
                "operationMetadataId": "2b44a1e6-5185-4923-a7e6-ed30bf3e5084"
              },
              "type": "If"
            },
            "Compose": {
              "runAfter": {
                "Condition": [
                  "Succeeded",
                  "Skipped",
                  "Failed",
                  "TimedOut"
                ],
                "Condition_2": [
                  "Succeeded",
                  "Skipped"
                ]
              },
              "metadata": {
                "operationMetadataId": "d5672ebf-b2d0-4bf2-9b77-3e42a5b694bb"
              },
              "type": "Compose",
              "inputs": "test"
            },
            "Condition_2": {
              "actions": {
                "Send_an_email_(V2)_2": {
                  "runAfter": {},
                  "metadata": {
                    "operationMetadataId": "40c0c3d9-17d5-4535-be4d-16390b6d360d"
                  },
                  "type": "OpenApiConnection",
                  "inputs": {
                    "host": {
                      "connectionName": "shared_office365",
                      "operationId": "SendEmailV2",
                      "apiId": "/providers/Microsoft.PowerApps/apis/shared_office365"
                    },
                    "parameters": {
                      "emailMessage/To": "@triggerOutputs()?['body/Author/Email']",
                      "emailMessage/Subject": "Your document was approved!",
                      "emailMessage/Body": "<p>Your submitted document was approved!</p>",
                      "emailMessage/Importance": "Normal"
                    },
                    "authentication": "@parameters('$authentication')"
                  }
                },
                "Update_file_properties_3": {
                  "runAfter": {
                    "Send_an_email_(V2)_2": [
                      "Succeeded"
                    ]
                  },
                  "metadata": {
                    "operationMetadataId": "6d2e4496-c6e4-42da-9b9c-4391400db74a"
                  },
                  "type": "OpenApiConnection",
                  "inputs": {
                    "host": {
                      "connectionName": "shared_sharepointonline",
                      "operationId": "PatchFileItem",
                      "apiId": "/providers/Microsoft.PowerApps/apis/shared_sharepointonline"
                    },
                    "parameters": {
                      "dataset": "@parameters('SiteURL (sc365_SiteURL)')",
                      "table": "@parameters('Library (sc365_Library)')",
                      "id": "@triggerOutputs()?['body/ID']",
                      "item/Title": "@outputs('Update_approval_ID_and_Status')?['body/Title']",
                      "item/Status/Value": "Approved",
                      "item/approvalCard": "@null",
                      "item/ApprovalID": "@null",
                      "item/OData__ExtendedDescription": "@triggerOutputs()?['body/OData__ExtendedDescription']",
                      "item/Person3/Claims": "@triggerOutputs()?['body/Person3/Claims']"
                    },
                    "authentication": "@parameters('$authentication')"
                  }
                }
              },
              "runAfter": {
                "Set_variable": [
                  "Succeeded"
                ]
              },
              "else": {
                "actions": {
                  "Send_an_email_(V2)_3": {
                    "runAfter": {},
                    "metadata": {
                      "operationMetadataId": "a5a8ebda-7689-4088-957c-49a74dc3d7d6"
                    },
                    "type": "OpenApiConnection",
                    "inputs": {
                      "host": {
                        "connectionName": "shared_office365",
                        "operationId": "SendEmailV2",
                        "apiId": "/providers/Microsoft.PowerApps/apis/shared_office365"
                      },
                      "parameters": {
                        "emailMessage/To": "@triggerOutputs()?['body/Author/Email']",
                        "emailMessage/Subject": "Your document was not approved",
                        "emailMessage/Body": "<p>Sorry, but your submitted document has been rejected.</p>",
                        "emailMessage/Importance": "Normal"
                      },
                      "authentication": "@parameters('$authentication')"
                    }
                  },
                  "Update_file_properties_4": {
                    "runAfter": {
                      "Send_an_email_(V2)_3": [
                        "Succeeded"
                      ]
                    },
                    "metadata": {
                      "operationMetadataId": "6d2e4496-c6e4-42da-9b9c-4391400db74a"
                    },
                    "type": "OpenApiConnection",
                    "inputs": {
                      "host": {
                        "connectionName": "shared_sharepointonline",
                        "operationId": "PatchFileItem",
                        "apiId": "/providers/Microsoft.PowerApps/apis/shared_sharepointonline"
                      },
                      "parameters": {
                        "dataset": "@parameters('SiteURL (sc365_SiteURL)')",
                        "table": "@parameters('Library (sc365_Library)')",
                        "id": "@triggerOutputs()?['body/ID']",
                        "item/Title": "@outputs('Update_approval_ID_and_Status')?['body/Title']",
                        "item/Status/Value": "Rejected",
                        "item/approvalCard": "@null",
                        "item/ApprovalID": "@null",
                        "item/OData__ExtendedDescription": "@triggerOutputs()?['body/OData__ExtendedDescription']",
                        "item/Person3/Claims": "@triggerOutputs()?['body/Person3/Claims']"
                      },
                      "authentication": "@parameters('$authentication')"
                    }
                  }
                }
              },
              "expression": {
                "equals": [
                  "@outputs('Wait_for_an_approval')?['body/outcome']",
                  "Approve"
                ]
              },
              "metadata": {
                "operationMetadataId": "9ce54c4a-ed3b-4c29-8b28-c9910e812eee"
              },
              "type": "If"
            }
          },
          "runAfter": {
            "Update_approval_ID_and_Status": [
              "Succeeded"
            ]
          },
          "expression": "@equals(variables('Approval Complete'), true)",
          "limit": {
            "count": 60,
            "timeout": "PT1H"
          },
          "metadata": {
            "operationMetadataId": "af44ee6b-5b5a-4b7b-b16d-82d8a594c392"
          },
          "type": "Until"
        },
        "Initialize_count": {
          "runAfter": {},
          "metadata": {
            "operationMetadataId": "dcb0f841-bc40-416e-a828-f7353a7fa925"
          },
          "type": "InitializeVariable",
          "inputs": {
            "variables": [
              {
                "name": "Reminder Count",
                "type": "integer",
                "value": 0
              }
            ]
          }
        },
        "Are_we_reusing_an_approval": {
          "actions": {
            "Reuse_approval_ID": {
              "runAfter": {},
              "metadata": {
                "operationMetadataId": "c4f18c23-e8ba-4d99-b1f9-a29a6cd888f8"
              },
              "type": "SetVariable",
              "inputs": {
                "name": "Approval ID",
                "value": "@triggerOutputs()?['body/ApprovalID']"
              }
            },
            "Reuse_Approval_Card": {
              "runAfter": {
                "Reuse_approval_ID": [
                  "Succeeded"
                ]
              },
              "metadata": {
                "operationMetadataId": "3eebf9e5-999e-4467-886d-b39705c1eb0e"
              },
              "type": "SetVariable",
              "inputs": {
                "name": "Approval Card",
                "value": "@triggerOutputs()?['body/approvalCard']"
              }
            }
          },
          "runAfter": {
            "Initialize_approval_card": [
              "Succeeded"
            ]
          },
          "else": {
            "actions": {
              "Create_an_approval": {
                "runAfter": {},
                "metadata": {
                  "operationMetadataId": "c90bba1b-84ed-4278-b1e9-8d550b233a89"
                },
                "type": "OpenApiConnection",
                "inputs": {
                  "host": {
                    "connectionName": "shared_approvals",
                    "operationId": "CreateAnApproval",
                    "apiId": "/providers/Microsoft.PowerApps/apis/shared_approvals"
                  },
                  "parameters": {
                    "approvalType": "Basic",
                    "ApprovalCreationInput/title": "Test Approval ",
                    "ApprovalCreationInput/assignedTo": "AdeleV@stevecorey.onmicrosoft.com;",
                    "ApprovalCreationInput/details": "# Approval Request\nPlease review the submitted document and respond by either approving or rejecting the request.\n",
                    "ApprovalCreationInput/itemLink": "@triggerOutputs()?['body/{Link}']",
                    "ApprovalCreationInput/itemLinkDescription": "Click here to view the document",
                    "ApprovalCreationInput/enableNotifications": true,
                    "ApprovalCreationInput/enableReassignment": true
                  },
                  "authentication": "@parameters('$authentication')"
                }
              },
              "Set_new_Approval_ID": {
                "runAfter": {
                  "Create_an_approval": [
                    "Succeeded"
                  ]
                },
                "metadata": {
                  "operationMetadataId": "21f69500-44f1-4ab8-ac01-776070f8f1e1"
                },
                "type": "SetVariable",
                "inputs": {
                  "name": "Approval ID",
                  "value": "@outputs('Create_an_approval')?['body/name']"
                }
              },
              "Set_new_Approval_Card": {
                "runAfter": {
                  "Set_new_Approval_ID": [
                    "Succeeded"
                  ]
                },
                "metadata": {
                  "operationMetadataId": "7efc84e7-2f2a-4dbc-99dd-c102b78216fe"
                },
                "type": "SetVariable",
                "inputs": {
                  "name": "Approval Card",
                  "value": "@outputs('Create_an_approval')?['body/adaptiveCard']"
                }
              }
            }
          },
          "expression": {
            "not": {
              "equals": [
                "@triggerOutputs()?['body/ApprovalID']",
                "@null"
              ]
            }
          },
          "metadata": {
            "operationMetadataId": "a071c512-269e-4cff-bf3b-d323616a1e3a"
          },
          "type": "If"
        },
        "Initialize_approval_ID": {
          "runAfter": {
            "Initialize_escape_flag": [
              "Succeeded"
            ]
          },
          "metadata": {
            "operationMetadataId": "e501ed47-8c36-41af-a42a-0d82dc6f2dbb"
          },
          "type": "InitializeVariable",
          "inputs": {
            "variables": [
              {
                "name": "Approval ID",
                "type": "string"
              }
            ]
          }
        },
        "Update_approval_ID_and_Status": {
          "runAfter": {
            "Are_we_reusing_an_approval": [
              "Succeeded"
            ]
          },
          "metadata": {
            "operationMetadataId": "f79ef720-3cc9-4a3a-ae92-10819349ba5f"
          },
          "type": "OpenApiConnection",
          "inputs": {
            "host": {
              "connectionName": "shared_sharepointonline",
              "operationId": "PatchFileItem",
              "apiId": "/providers/Microsoft.PowerApps/apis/shared_sharepointonline"
            },
            "parameters": {
              "dataset": "@parameters('SiteURL (sc365_SiteURL)')",
              "table": "@parameters('Library (sc365_Library)')",
              "id": "@triggerOutputs()?['body/ID']",
              "item/Title": "@triggerOutputs()?['body/Title']",
              "item/Status/Value": "Pending Approval",
              "item/approvalCard": "@variables('Approval Card')",
              "item/ApprovalID": "@variables('Approval ID')",
              "item/OData__ExtendedDescription": "@triggerOutputs()?['body/OData__ExtendedDescription']",
              "item/Person3/Claims": "@triggerOutputs()?['body/Person3/Claims']"
            },
            "authentication": "@parameters('$authentication')"
          }
        },
        "Initialize_approval_card": {
          "runAfter": {
            "Initialize_approval_ID": [
              "Succeeded"
            ]
          },
          "metadata": {
            "operationMetadataId": "0076358b-4d1d-4d94-bf2d-bb9380245a19"
          },
          "type": "InitializeVariable",
          "inputs": {
            "variables": [
              {
                "name": "Approval Card",
                "type": "string"
              }
            ]
          }
        }
      }
    },
    "templateName": ""
  },
  "schemaVersion": "1.0.0.0"
}