<environmentvariabledefinition schemaname="knw365_VariableSPsite">
  <apiid>/providers/microsoft.powerapps/apis/shared_sharepointonline</apiid>
  <defaultvalue>https://eseeconsults.sharepoint.com/sites/KickStartTeam</defaultvalue>
  <description default="Environment Variable for SharePoint Site">
    <label description="Environment Variable for SharePoint Site" languagecode="1033" />
  </description>
  <displayname default="Variable for SharePoint Site">
    <label description="Variable for SharePoint Site" languagecode="1033" />
  </displayname>
  <introducedversion>0.0.0.1</introducedversion>
  <iscustomizable>1</iscustomizable>
  <isrequired>0</isrequired>
  <parameterkey>dataset</parameterkey>
  <secretstore>0</secretstore>
  <type>100000004</type>
</environmentvariabledefinition>